{
	"class_name" : "PinholeCameraParameters",
	"extrinsic" : 
	[
		-0.15254935253531346,
		-0.018573535975215997,
		-0.98812130773626883,
		0.0,
		0.16820586286906508,
		-0.98572381460076897,
		-0.0074396925596580199,
		0.0,
		-0.97387652335269381,
		-0.16734271747012572,
		0.15349570734122747,
		0.0,
		2.4190227673145053,
		1.3425201813665011,
		0.93205776344087132,
		1.0
	],
	"intrinsic" : 
	{
		"height" : 1055,
		"intrinsic_matrix" : 
		[
			913.65680099258282,
			0.0,
			0.0,
			0.0,
			913.65680099258282,
			0.0,
			959.5,
			527.0,
			1.0
		],
		"width" : 1920
	},
	"version_major" : 1,
	"version_minor" : 0
}