{
	"class_name" : "PinholeCameraParameters",
	"extrinsic" : 
	[
		-0.48065469863464977,
		0.21045865739398617,
		-0.85128033820143811,
		0.0,
		0.096619073079118475,
		-0.95215205403987757,
		-0.28995037628010456,
		0.0,
		-0.87157088948505279,
		-0.22161592793741841,
		0.43732203819001736,
		0.0,
		1.5770449455683671,
		1.8948063104036192,
		0.6079298112887882,
		1.0
	],
	"intrinsic" : 
	{
		"height" : 1055,
		"intrinsic_matrix" : 
		[
			913.65680099258282,
			0.0,
			0.0,
			0.0,
			913.65680099258282,
			0.0,
			959.5,
			527.0,
			1.0
		],
		"width" : 1920
	},
	"version_major" : 1,
	"version_minor" : 0
}